{"Train Loss": 1.5884667126285914, "Train Acc": 0.8898615635179153, "Train avg Acc": 0.8282058799240403, "Test Loss": 1.5133087441832358, "Test Acc": 0.9003241491085899, "Test avg Acc": 0.8544825581395348, "Best Test Acc": 0.9003241491085899, "Test Loss_ema": 1.4688959200919351, "Test Acc_ema": 0.9108589951377634, "Test avg Acc_ema": 0.8677209302325581, "Best Test Acc_ema": 0.9157212317666127, "_runtime": 23056, "_timestamp": 1653472927, "_step": 134, "_wandb": {"runtime": 23092}}