{"Train Loss": 1.284900867589522, "Train Acc": 0.9985749185667753, "Train avg Acc": 0.9981732314509806, "Test Loss": 1.468378221969357, "Test Acc": 0.9205834683954619, "Test avg Acc": 0.8970348837209302, "Best Test Acc": 0.923419773095624, "Test Loss_ema": 1.467221428548111, "Test Acc_ema": 0.9177471636952999, "Test avg Acc_ema": 0.8918720930232558, "Best Test Acc_ema": 0.929902755267423, "_runtime": 33376, "_timestamp": 1653560064, "_step": 194, "_wandb": {"runtime": 33484}}