{"Train Loss": 1.3549621443018462, "Train Acc": 0.9917548859934854, "Train avg Acc": 0.9868189528915867, "Test Loss": 1.4428940321676542, "Test Acc": 0.9165316045380876, "Test avg Acc": 0.8854593023255815, "Best Test Acc": 0.9246353322528363, "Test Loss_ema": 1.4400509286738292, "Test Acc_ema": 0.9201782820097245, "Test avg Acc_ema": 0.8924593023255813, "Best Test Acc_ema": 0.9294975688816856, "_runtime": 27317, "_timestamp": 1653557695, "_step": 199, "_wandb": {"runtime": 27318}}