{"Train Loss": 1.3171189483679855, "Train Acc": 0.9935871335504886, "Train avg Acc": 0.9915568680564115, "Test Loss": 1.448959998412109, "Test Acc": 0.9209886547811994, "Test avg Acc": 0.89625, "Best Test Acc": 0.9250405186385737, "Test Loss_ema": 1.4393134785625885, "Test Acc_ema": 0.9250405186385737, "Test avg Acc_ema": 0.9015813953488372, "Best Test Acc_ema": 0.9367909238249594, "_runtime": 29084, "_timestamp": 1653618241, "_step": 168, "_wandb": {"runtime": 29254}}