{"Train Loss": 1.347860159625448, "Train Acc": 0.992671009771987, "Train avg Acc": 0.9889129793202276, "Test Loss": 1.4319453625856768, "Test Acc": 0.9201782820097245, "Test avg Acc": 0.8944593023255815, "Best Test Acc": 0.9286871961102107, "Test Loss_ema": 1.4282764741242222, "Test Acc_ema": 0.9270664505672609, "Test avg Acc_ema": 0.9001162790697673, "Best Test Acc_ema": 0.9359805510534847, "_runtime": 32350, "_timestamp": 1653592539, "_step": 190, "_wandb": {"runtime": 32520}}