{"Train Loss": 1.374621402557199, "Train Acc": 0.9827972312703583, "Train avg Acc": 0.9740888555704075, "Test Loss": 1.432209377543853, "Test Acc": 0.9193679092382496, "Test avg Acc": 0.8967848837209302, "Best Test Acc": 0.929902755267423, "Test Loss_ema": 1.4123977756963944, "Test Acc_ema": 0.9323338735818476, "Test avg Acc_ema": 0.9084476744186045, "Best Test Acc_ema": 0.9355753646677472, "_runtime": 28305, "_timestamp": 1653622258, "_step": 168}