{"Train Loss": 1.4473409272172164, "Train Acc": 0.9522597719869706, "Train avg Acc": 0.9315109813555488, "Test Loss": 1.4486036818456418, "Test Acc": 0.9128849270664505, "Test avg Acc": 0.8766220930232558, "Best Test Acc": 0.9205834683954619, "Test Loss_ema": 1.4153913750254354, "Test Acc_ema": 0.9303079416531604, "Test avg Acc_ema": 0.9028313953488372, "Best Test Acc_ema": 0.9347649918962723, "_runtime": 22918, "_timestamp": 1653472811, "_step": 135, "_wandb": {"runtime": 23068}}