{"Train Loss": 1.6273718148178697, "Train Acc": 0.8716408794788274, "Train avg Acc": 0.8021348119542815, "Test Loss": 1.805776318429548, "Test Acc": 0.779578606158833, "Test avg Acc": 0.72325, "Best Test Acc": 0.8982982171799028, "Test Loss_ema": 1.4963016158371343, "Test Acc_ema": 0.9051863857374393, "Test avg Acc_ema": 0.8615581395348837, "Best Test Acc_ema": 0.9080226904376013, "_runtime": 22958, "_timestamp": 1653472821, "_step": 135, "_wandb": {"runtime": 23102}}