{"Train Loss": 1.3431792154374262, "Train Acc": 0.9940960912052117, "Train avg Acc": 0.9911713442265121, "Test Loss": 1.4446622059835994, "Test Acc": 0.9177471636952999, "Test avg Acc": 0.8920813953488371, "Best Test Acc": 0.9303079416531604, "Test Loss_ema": 1.4346031924314204, "Test Acc_ema": 0.9230145867098866, "Test avg Acc_ema": 0.8954941860465115, "Best Test Acc_ema": 0.9347649918962723, "_runtime": 33747, "_timestamp": 1653593934, "_step": 199, "_wandb": {"runtime": 33747}}