{"Train Loss": 1.431618528568007, "Train Acc": 0.9443200325732899, "Train avg Acc": 0.9168494894298395, "Test Loss": 1.4656371759247742, "Test Acc": 0.9011345218800648, "Test avg Acc": 0.8703081395348837, "Best Test Acc": 0.9149108589951378, "Test Loss_ema": 1.415948104046925, "Test Acc_ema": 0.929902755267423, "Test avg Acc_ema": 0.9103779069767441, "Best Test Acc_ema": 0.9347649918962723, "_runtime": 28690, "_timestamp": 1653651370, "_step": 207, "_wandb": {"runtime": 28827}}