{"Train Loss": 1.4782490272087072, "Train Acc": 0.9290513029315961, "Train avg Acc": 0.8932155338471299, "Test Loss": 1.503596801039079, "Test Acc": 0.8893841166936791, "Test avg Acc": 0.8472441860465116, "Best Test Acc": 0.910453808752026, "Test Loss_ema": 1.4327811172754297, "Test Acc_ema": 0.9246353322528363, "Test avg Acc_ema": 0.9060872093023257, "Best Test Acc_ema": 0.9270664505672609, "_runtime": 19831, "_timestamp": 1653642510, "_step": 147, "_wandb": {"runtime": 19967}}