{"Train Loss": 1.3083024793805051, "Train Acc": 0.9966408794788274, "Train avg Acc": 0.9951531305239719, "Test Loss": 1.4475377135377263, "Test Acc": 0.9230145867098866, "Test avg Acc": 0.9036627906976744, "Best Test Acc": 0.9315235008103727, "Test Loss_ema": 1.4366723523147682, "Test Acc_ema": 0.9254457050243112, "Test avg Acc_ema": 0.9031627906976745, "Best Test Acc_ema": 0.936385737439222, "_runtime": 30907, "_timestamp": 1653620548, "_step": 178, "_wandb": {"runtime": 31073}}