{"Train Loss": 1.3648331705056107, "Train Acc": 0.9856473941368078, "Train avg Acc": 0.9782544701531247, "Test Loss": 1.4295720700506647, "Test Acc": 0.923419773095624, "Test avg Acc": 0.8930348837209301, "Best Test Acc": 0.9258508914100486, "Test Loss_ema": 1.4217360429284638, "Test Acc_ema": 0.9282820097244733, "Test avg Acc_ema": 0.8979127906976745, "Best Test Acc_ema": 0.9351701782820098, "_runtime": 29445, "_timestamp": 1653622171, "_step": 174, "_wandb": {"runtime": 29586}}