{"Train Loss": 1.3233425190083756, "Train Acc": 0.9845276872964169, "Train avg Acc": 0.9782118798334116, "Test Loss": 1.4565684832089145, "Test Acc": 0.9149108589951378, "Test avg Acc": 0.8760348837209302, "Best Test Acc": 0.9250405186385737, "Test Loss_ema": 1.4237465599560855, "Test Acc_ema": 0.9282820097244733, "Test avg Acc_ema": 0.9017441860465116, "Best Test Acc_ema": 0.9343598055105349, "_runtime": 23185, "_timestamp": 1653468949, "_step": 133, "_wandb": {"runtime": 23358}}