{"Train Loss": 1.3259877416908936, "Train Acc": 0.99185667752443, "Train avg Acc": 0.9874771420516861, "Test Loss": 1.450517321521691, "Test Acc": 0.9185575364667747, "Test avg Acc": 0.894546511627907, "Best Test Acc": 0.9266612641815235, "Test Loss_ema": 1.4371202341741256, "Test Acc_ema": 0.9282820097244733, "Test avg Acc_ema": 0.9079534883720928, "Best Test Acc_ema": 0.9327390599675851, "_runtime": 27432, "_timestamp": 1653585218, "_step": 196, "_wandb": {"runtime": 27572}}