{"Train Loss": 1.5181201521659131, "Train Acc": 0.9267100977198697, "Train avg Acc": 0.8858090282368046, "Test Loss": 1.4930152377201247, "Test Acc": 0.899513776337115, "Test avg Acc": 0.8719186046511627, "Best Test Acc": 0.9124797406807131, "Test Loss_ema": 1.4481438214813678, "Test Acc_ema": 0.9222042139384117, "Test avg Acc_ema": 0.8909593023255814, "Best Test Acc_ema": 0.9258508914100486, "_runtime": 33611, "_timestamp": 1653506662, "_step": 199, "_wandb": {"runtime": 33612}}