{"Train Loss": 1.430325029727302, "Train Acc": 0.9661034201954397, "Train avg Acc": 0.9478943551088908, "Test Loss": 1.4369070560851012, "Test Acc": 0.9213938411669368, "Test avg Acc": 0.8945406976744186, "Best Test Acc": 0.9242301458670988, "Test Loss_ema": 1.4391039946090847, "Test Acc_ema": 0.9173419773095624, "Test avg Acc_ema": 0.8868779069767442, "Best Test Acc_ema": 0.9278768233387358, "_runtime": 33569, "_timestamp": 1653506618, "_step": 199, "_wandb": {"runtime": 33571}}