{"Train Loss": 1.3302753258994038, "Train Acc": 0.9893118892508144, "Train avg Acc": 0.9841691313315319, "Test Loss": 1.4407697659064345, "Test Acc": 0.9209886547811994, "Test avg Acc": 0.8969999999999999, "Best Test Acc": 0.9254457050243112, "Test Loss_ema": 1.4408572552849446, "Test Acc_ema": 0.9213938411669368, "Test avg Acc_ema": 0.8964127906976744, "Best Test Acc_ema": 0.9303079416531604, "_runtime": 28002, "_timestamp": 1653613379, "_step": 199, "_wandb": {"runtime": 28003}}