{"Train Loss": 1.4655709216183095, "Train Acc": 0.944014657980456, "Train avg Acc": 0.9179405527530818, "Test Loss": 1.4545556208302948, "Test Acc": 0.9185575364667747, "Test avg Acc": 0.8833313953488371, "Best Test Acc": 0.9238249594813615, "Test Loss_ema": 1.4189573350563234, "Test Acc_ema": 0.9282820097244733, "Test avg Acc_ema": 0.8976627906976745, "Best Test Acc_ema": 0.9339546191247974, "_runtime": 23020, "_timestamp": 1653472902, "_step": 135, "_wandb": {"runtime": 23080}}