{"Train Loss": 1.3846264421357395, "Train Acc": 0.9781148208469055, "Train avg Acc": 0.967624060218769, "Test Loss": 1.451456598949587, "Test Acc": 0.9120745542949756, "Test avg Acc": 0.8809244186046513, "Best Test Acc": 0.9238249594813615, "Test Loss_ema": 1.427244949379462, "Test Acc_ema": 0.9246353322528363, "Test avg Acc_ema": 0.895372093023256, "Best Test Acc_ema": 0.9339546191247974, "_runtime": 33602, "_timestamp": 1653506650, "_step": 199, "_wandb": {"runtime": 33603}}