{"Train Loss": 3.0517219666161055, "Train Acc": 0.27992671009771986, "Train avg Acc": 0.11110766578742366, "Test Loss": 2.9686271170549685, "Test Acc": 0.25972447325769854, "Test avg Acc": 0.17225000000000001, "Best Test Acc": 0.25972447325769854, "Test Loss_ema": 3.538960158148693, "Test Acc_ema": 0.1126418152350081, "Test avg Acc_ema": 0.0695, "Best Test Acc_ema": 0.1126418152350081, "_runtime": 310, "_timestamp": 1653531624, "_step": 2}