{"Train Loss": 1.3167194318305397, "Train Acc": 0.9940960912052117, "Train avg Acc": 0.9909946073786611, "Test Loss": 1.445763136617948, "Test Acc": 0.9213938411669368, "Test avg Acc": 0.9012499999999999, "Best Test Acc": 0.9282820097244733, "Test Loss_ema": 1.434770582367574, "Test Acc_ema": 0.923419773095624, "Test avg Acc_ema": 0.8954186046511626, "Best Test Acc_ema": 0.93354943273906, "_runtime": 29263, "_timestamp": 1653589451, "_step": 171, "_wandb": {"runtime": 29434}}