{"Train Loss": 1.3450419700883498, "Train Acc": 0.9945032573289903, "Train avg Acc": 0.9907659140087202, "Test Loss": 1.431695780066269, "Test Acc": 0.9290923824959482, "Test avg Acc": 0.9006976744186046, "Best Test Acc": 0.9319286871961102, "Test Loss_ema": 1.4279056603943316, "Test Acc_ema": 0.9286871961102107, "Test avg Acc_ema": 0.8982441860465116, "Best Test Acc_ema": 0.9351701782820098, "_runtime": 33505, "_timestamp": 1653506551, "_step": 199, "_wandb": {"runtime": 33505}}