{"Train Loss": 1.3960834322224223, "Train Acc": 0.975264657980456, "Train avg Acc": 0.9622465929246709, "Test Loss": 1.4610395537782914, "Test Acc": 0.9108589951377634, "Test avg Acc": 0.8802965116279069, "Best Test Acc": 0.9246353322528363, "Test Loss_ema": 1.4414856370109792, "Test Acc_ema": 0.9217990275526742, "Test avg Acc_ema": 0.8887499999999999, "Best Test Acc_ema": 0.9270664505672609, "_runtime": 22958, "_timestamp": 1653472853, "_step": 135, "_wandb": {"runtime": 23066}}