{"Train Loss": 1.4685100188861064, "Train Acc": 0.9610138436482085, "Train avg Acc": 0.9354736503401762, "Test Loss": 1.475650752769297, "Test Acc": 0.9189627228525121, "Test avg Acc": 0.8815872093023256, "Best Test Acc": 0.9266612641815235, "Test Loss_ema": 1.4601807717952389, "Test Acc_ema": 0.9286871961102107, "Test avg Acc_ema": 0.8900348837209304, "Best Test Acc_ema": 0.9286871961102107, "_runtime": 27372, "_timestamp": 1653585159, "_step": 199, "_wandb": {"runtime": 27373}}