{"Train Loss": 1.7088976535228415, "Train Acc": 0.8603341338831351, "Train avg Acc": 0.4551836037663329, "Train IoU": 0.7275752056645194, "Test Loss": 2.391059776672236, "Test Acc": 0.8724900034770514, "Test avg Acc": 0.5180946430350286, "Cat iou": 0.5233619224761684, "Test iou": 0.7508158417242656, "Best Test iou": 0.7508158417242656, "Test Acc_ema": 0.6414611561739395, "Test avg Acc_ema": 0.24868187736123568, "Cat iou_ema": 0.30836278760040803, "Test iou_ema": 0.548707759921671, "Best Test iou_ema": 0.548707759921671, "_runtime": 485, "_timestamp": 1653718371, "_step": 1}