{"Train Loss": 1.4887278728454043, "Train Acc": 0.9511400651465798, "Train avg Acc": 0.9195501036422302, "Test Loss": 1.4778793041671308, "Test Acc": 0.9145056726094003, "Test avg Acc": 0.8668720930232559, "Best Test Acc": 0.9205834683954619, "Test Loss_ema": 1.474006879078511, "Test Acc_ema": 0.9157212317666127, "Test avg Acc_ema": 0.8726279069767443, "Best Test Acc_ema": 0.9222042139384117, "_runtime": 27878, "_timestamp": 1653585678, "_step": 199, "_wandb": {"runtime": 27879}}