{"Train Loss": 1.3865137546769182, "Train Acc": 0.9824918566775245, "Train avg Acc": 0.9730828072448705, "Test Loss": 1.4590287392104657, "Test Acc": 0.9092382495948136, "Test avg Acc": 0.8753779069767441, "Best Test Acc": 0.923419773095624, "Test Loss_ema": 1.4480043543409102, "Test Acc_ema": 0.9185575364667747, "Test avg Acc_ema": 0.8845813953488373, "Best Test Acc_ema": 0.9270664505672609, "_runtime": 20617, "_timestamp": 1653551010, "_step": 199, "_wandb": {"runtime": 20617}}