{"Train Loss": 1.6192575009590988, "Train Acc": 0.8902900065850774, "Train avg Acc": 0.5164307802800024, "Train IoU": 0.7616020673133044, "Test Loss": 2.2136573960618615, "Test Acc": 0.8888630449191586, "Test avg Acc": 0.5663754382538384, "Cat iou": 0.5498868871639466, "Test iou": 0.763620511830667, "Best Test iou": 0.763620511830667, "Test Acc_ema": 0.6806262020275556, "Test avg Acc_ema": 0.3054257628793771, "Cat iou_ema": 0.3589980216229239, "Test iou_ema": 0.5913330805451753, "Best Test iou_ema": 0.5913330805451753, "_runtime": 742, "_timestamp": 1653719203, "_step": 2}