{"Train Loss": 1.5756311001033958, "Train Acc": 0.9052198567521681, "Train avg Acc": 0.5637981001386784, "Train IoU": 0.7775338381960427, "Test Loss": 2.0274480171760696, "Test Acc": 0.9040562997109701, "Test avg Acc": 0.6143944621498769, "Cat iou": 0.5907459629728331, "Test iou": 0.7812205476388722, "Best Test iou": 0.7812205476388722, "Test Acc_ema": 0.7247979982506085, "Test avg Acc_ema": 0.33784730075166797, "Cat iou_ema": 0.38805741330490456, "Test iou_ema": 0.6315008331126329, "Best Test iou_ema": 0.6315008331126329, "_runtime": 990, "_timestamp": 1653719451, "_step": 3}