{"Train Loss": 1.360772899385384, "Train Acc": 0.989413680781759, "Train avg Acc": 0.9831681718740249, "Test Loss": 1.46810203993533, "Test Acc": 0.9124797406807131, "Test avg Acc": 0.8850813953488371, "Best Test Acc": 0.9246353322528363, "Test Loss_ema": 1.455135441096907, "Test Acc_ema": 0.9213938411669368, "Test avg Acc_ema": 0.8875813953488372, "Best Test Acc_ema": 0.9270664505672609, "_runtime": 34181, "_timestamp": 1653507227, "_step": 199, "_wandb": {"runtime": 34182}}