{"Train Loss": 1.4493895563318209, "Train Acc": 0.958163680781759, "Train avg Acc": 0.9337107004205908, "Test Loss": 1.452993038987418, "Test Acc": 0.9149108589951378, "Test avg Acc": 0.8821279069767443, "Best Test Acc": 0.9201782820097245, "Test Loss_ema": 1.4481420352741037, "Test Acc_ema": 0.9193679092382496, "Test avg Acc_ema": 0.8860813953488371, "Best Test Acc_ema": 0.9226094003241491, "_runtime": 27749, "_timestamp": 1653585534, "_step": 199, "_wandb": {"runtime": 27750}}