{"Train Loss": 1.4817851968230953, "Train Acc": 0.9563314332247557, "Train avg Acc": 0.9304788175809646, "Test Loss": 1.470040543346003, "Test Acc": 0.9185575364667747, "Test avg Acc": 0.8769127906976746, "Best Test Acc": 0.9226094003241491, "Test Loss_ema": 1.4653344337905438, "Test Acc_ema": 0.9173419773095624, "Test avg Acc_ema": 0.8720755813953488, "Best Test Acc_ema": 0.9246353322528363, "_runtime": 27934, "_timestamp": 1653613633, "_step": 199, "_wandb": {"runtime": 27936}}