{"Train Loss": 1.8343828877719295, "Train Acc": 0.7919381107491856, "Train avg Acc": 0.6726134075513659, "Test Loss": 1.6639574174942808, "Test Acc": 0.8419773095623987, "Test avg Acc": 0.7436046511627907, "Best Test Acc": 0.8419773095623987, "Test Loss_ema": 2.018992796709317, "Test Acc_ema": 0.7082658022690438, "Test avg Acc_ema": 0.6260523255813955, "Best Test Acc_ema": 0.7082658022690438, "_runtime": 1891, "_timestamp": 1653451789, "_step": 10, "_wandb": {"runtime": 1900}}