{"Train Loss": 1.3029213596244589, "Train Acc": 0.9986767100977199, "Train avg Acc": 0.9976215797842295, "Test Loss": 1.4319983125699012, "Test Acc": 0.93354943273906, "Test avg Acc": 0.9040755813953488, "Best Test Acc": 0.93354943273906, "Test Loss_ema": 1.428138690211205, "Test Acc_ema": 0.9327390599675851, "Test avg Acc_ema": 0.9046569767441861, "Best Test Acc_ema": 0.9347649918962723, "_runtime": 33340, "_timestamp": 1653560029, "_step": 197, "_wandb": {"runtime": 33482}}