{"Train Loss": 1.4047333871891134, "Train Acc": 0.9797434853420195, "Train avg Acc": 0.9690207426760434, "Test Loss": 1.4323451974983155, "Test Acc": 0.9242301458670988, "Test avg Acc": 0.891122093023256, "Best Test Acc": 0.9258508914100486, "Test Loss_ema": 1.4347383100750768, "Test Acc_ema": 0.9193679092382496, "Test avg Acc_ema": 0.8869941860465117, "Best Test Acc_ema": 0.9319286871961102, "_runtime": 28044, "_timestamp": 1653613598, "_step": 199, "_wandb": {"runtime": 28045}}