{"Train Loss": 1.2854155946632162, "Train Acc": 0.9978623778501629, "Train avg Acc": 0.9969446795732534, "Test Loss": 1.4828271788561556, "Test Acc": 0.9189627228525121, "Test avg Acc": 0.8891220930232556, "Best Test Acc": 0.9258508914100486, "Test Loss_ema": 1.4802791911933566, "Test Acc_ema": 0.9189627228525121, "Test avg Acc_ema": 0.8900813953488372, "Best Test Acc_ema": 0.9294975688816856, "_runtime": 33340, "_timestamp": 1653560023, "_step": 191, "_wandb": {"runtime": 33491}}