{"Train Loss": 1.4380411616365762, "Train Acc": 0.9459486970684039, "Train avg Acc": 0.9176803803742727, "Test Loss": 1.500229216665271, "Test Acc": 0.8881685575364667, "Test avg Acc": 0.8636744186046512, "Best Test Acc": 0.9205834683954619, "Test Loss_ema": 1.4206008213652204, "Test Acc_ema": 0.9250405186385737, "Test avg Acc_ema": 0.8985872093023255, "Best Test Acc_ema": 0.9371961102106969, "_runtime": 25946, "_timestamp": 1653651364, "_step": 193, "_wandb": {"runtime": 26080}}