{"Train Loss": 1.321572200094838, "Train Acc": 0.9916530944625407, "Train avg Acc": 0.9887402206555613, "Test Loss": 1.4376756435854894, "Test Acc": 0.9282820097244733, "Test avg Acc": 0.9071976744186048, "Best Test Acc": 0.9282820097244733, "Test Loss_ema": 1.4279021928917066, "Test Acc_ema": 0.9254457050243112, "Test avg Acc_ema": 0.8941162790697674, "Best Test Acc_ema": 0.936385737439222, "_runtime": 28776, "_timestamp": 1653588966, "_step": 166, "_wandb": {"runtime": 28949}}