{"Train Loss": 1.3777808595557943, "Train Acc": 0.9867671009771987, "Train avg Acc": 0.9791702196210981, "Test Loss": 1.4679371721354257, "Test Acc": 0.910453808752026, "Test avg Acc": 0.8755813953488373, "Best Test Acc": 0.9149108589951378, "Test Loss_ema": 1.4640259570781764, "Test Acc_ema": 0.9141004862236629, "Test avg Acc_ema": 0.878453488372093, "Best Test Acc_ema": 0.919773095623987, "_runtime": 20718, "_timestamp": 1653552359, "_step": 199, "_wandb": {"runtime": 20719}}