{"Train Loss": 1.4715304064051724, "Train Acc": 0.9302728013029316, "Train avg Acc": 0.8955860692006785, "Test Loss": 1.494073258226849, "Test Acc": 0.8954619124797407, "Test avg Acc": 0.856389534883721, "Best Test Acc": 0.9181523500810372, "Test Loss_ema": 1.4260934029058274, "Test Acc_ema": 0.9262560777957861, "Test avg Acc_ema": 0.8952500000000001, "Best Test Acc_ema": 0.9327390599675851, "_runtime": 22955, "_timestamp": 1653648375, "_step": 166, "_wandb": {"runtime": 23094}}