{"Train Loss": 1.4912589338004394, "Train Acc": 0.9517508143322475, "Train avg Acc": 0.920819257887333, "Test Loss": 1.4748834705816483, "Test Acc": 0.9213938411669368, "Test avg Acc": 0.8732906976744186, "Best Test Acc": 0.9230145867098866, "Test Loss_ema": 1.4672373670426528, "Test Acc_ema": 0.9222042139384117, "Test avg Acc_ema": 0.8775406976744187, "Best Test Acc_ema": 0.9262560777957861, "_runtime": 27968, "_timestamp": 1653613146, "_step": 199, "_wandb": {"runtime": 27968}}