{"Train Loss": 2.041475247352495, "Train Acc": 0.7370481578581923, "Train avg Acc": 0.3038611753100256, "Train IoU": 0.6195916532962282, "Test Loss": 2.7531858982728155, "Test Acc": 0.850479486754607, "Test avg Acc": 0.45126685305557984, "Cat iou": 0.464120865261351, "Test iou": 0.7182357064157379, "Best Test iou": 0.7182357064157379, "Test Acc_ema": 0.47691427981571627, "Test avg Acc_ema": 0.14896486966525116, "Cat iou_ema": 0.19198581891167937, "Test iou_ema": 0.39742014524743646, "Best Test iou_ema": 0.39742014524743646, "_runtime": 238, "_timestamp": 1653717407, "_step": 0, "_wandb": {"runtime": 253}}