{"Train Loss": 1.3462868276558793, "Train Acc": 0.994299674267101, "Train avg Acc": 0.9909578696178147, "Test Loss": 1.4537728201821325, "Test Acc": 0.9141004862236629, "Test avg Acc": 0.8790813953488371, "Best Test Acc": 0.9282820097244733, "Test Loss_ema": 1.444005469642157, "Test Acc_ema": 0.9205834683954619, "Test avg Acc_ema": 0.8839127906976744, "Best Test Acc_ema": 0.9286871961102107, "_runtime": 33466, "_timestamp": 1653560144, "_step": 198}