{"Train Loss": 1.5667396379173348, "Train Acc": 0.9089312772138403, "Train avg Acc": 0.5869232824801869, "Train IoU": 0.7822043011565555, "Test Loss": 1.9113419989385592, "Test Acc": 0.9061506799265473, "Test avg Acc": 0.626559793081389, "Cat iou": 0.6109714923791794, "Test iou": 0.7822822822639153, "Best Test iou": 0.7822822822639153, "Test Acc_ema": 0.7581759944910466, "Test avg Acc_ema": 0.3586381217296285, "Cat iou_ema": 0.3999991193860371, "Test iou_ema": 0.6580043451314622, "Best Test iou_ema": 0.6580043451314622, "_runtime": 993, "_timestamp": 1653719471, "_step": 3}