{"Train Loss": 1.6104031538744585, "Train Acc": 0.8945495535474305, "Train avg Acc": 0.5377131123454116, "Train IoU": 0.7633341812489807, "Test Loss": 2.1151488069367175, "Test Acc": 0.8998806121783728, "Test avg Acc": 0.5865030674321815, "Cat iou": 0.5829246412001954, "Test iou": 0.7792844020790146, "Best Test iou": 0.7792844020790146, "Test Acc_ema": 0.6969318416420376, "Test avg Acc_ema": 0.29765557769590667, "Cat iou_ema": 0.350333627499289, "Test iou_ema": 0.6059525255409298, "Best Test iou_ema": 0.6059525255409298, "_runtime": 746, "_timestamp": 1653719224, "_step": 2}